ons_code,constituency_name,estimate,known,known_leave,leave_to_use
E14000582,Boston and Skegness,75.60%,No,0.00%,75.60%
E14001011,Walsall North,71.20%,Yes,74.20%,74.20%
E14000642,Clacton,73.00%,No,0.00%,73.00%
E14000933,South Basildon and East Thurrock,73.00%,No,0.00%,73.00%
E14000771,Kingston upon Hull East,72.80%,No,0.00%,72.80%
E14000622,Castle Point,72.70%,Yes,72.70%,72.70%
E14000973,Stoke-on-Trent North,72.10%,No,0.00%,72.10%
E14000669,Doncaster North,71.70%,No,0.00%,71.70%
E14000717,Great Yarmouth,71.50%,Yes,71.50%,71.50%
E14000716,Great Grimsby,69.20%,Yes,71.40%,71.40%
E14000671,Dudley North,69.80%,Yes,71.40%,71.40%
E14000974,Stoke-on-Trent South,71.10%,No,0.00%,71.10%
E14000939,South Holland and The Deepings,71.10%,No,0.00%,71.10%
E14000542,Barnsley East,71.00%,No,0.00%,71.00%
E14000810,Mansfield,70.90%,Yes,70.90%,70.90%
E14000535,Ashfield,70.50%,No,0.00%,70.50%
E14000672,Dudley South,69.70%,Yes,70.40%,70.40%
E14000577,Bolsover,70.40%,No,0.00%,70.40%
E14000657,Dagenham and Rainham,70.30%,No,0.00%,70.30%
E14001028,Wentworth and Dearne,70.30%,No,0.00%,70.30%
E14000995,Thurrock,70.30%,No,0.00%,70.30%
E14000733,Hartlepool,69.60%,Yes,69.60%,69.60%
E14000643,Cleethorpes,69.50%,No,0.00%,69.50%
E14000751,Hornchurch and Upminster,69.80%,Yes,69.50%,69.50%
E14000842,North East Cambridgeshire,69.40%,No,0.00%,69.40%
E14000900,Romford,67.40%,Yes,69.30%,69.30%
E14000836,"Normanton, Pontefract and Castleford",70.30%,Yes,69.30%,69.30%
E14000798,Louth and Horncastle,68.90%,No,0.00%,68.90%
E14000618,Cannock Chase,68.90%,Yes,68.90%,68.90%
E14000914,Scunthorpe,68.70%,No,0.00%,68.70%
E14001030,West Bromwich West,68.70%,No,0.00%,68.70%
E14000667,Don Valley,68.50%,No,0.00%,68.50%
E14000904,Rotherham,68.80%,Yes,68.30%,68.30%
E14000546,Bassetlaw,68.30%,No,0.00%,68.30%
E14000541,Barnsley Central,68.20%,No,0.00%,68.20%
E14001029,West Bromwich East,68.20%,No,0.00%,68.20%
E14001050,Wolverhampton South East,67.70%,Yes,68.10%,68.10%
E14000740,Hemsworth,67.40%,Yes,68.10%,68.10%
E14000773,Kingston upon Hull West and Hessle,68.00%,No,0.00%,68.00%
E14000573,Blackpool South,67.80%,No,0.00%,67.80%
E14000531,Aldridge-Brownhills,68.70%,Yes,67.80%,67.80%
E14000854,North Warwickshire,67.80%,No,0.00%,67.80%
E14000729,Harlow,67.70%,No,0.00%,67.70%
E14001049,Wolverhampton North East,67.50%,Yes,67.70%,67.70%
E14000891,Redcar,67.70%,No,0.00%,67.70%
E14000888,Rayleigh and Wickford,67.70%,No,0.00%,67.70%
E14000544,Basildon and Billericay,67.10%,No,0.00%,67.10%
E14000572,Blackpool North and Cleveleys,66.90%,No,0.00%,66.90%
E14000903,Rother Valley,66.50%,Yes,66.70%,66.70%
E14000668,Doncaster Central,66.70%,No,0.00%,66.70%
E14000952,South West Norfolk,66.70%,No,0.00%,66.70%
E14000609,Burnley,66.60%,Yes,66.60%,66.60%
E14000722,Halesowen and Rowley Regis,66.60%,No,0.00%,66.60%
E14000879,"Plymouth, Moor View",68.50%,Yes,66.40%,66.40%
E14000970,Stockton North,66.30%,No,0.00%,66.30%
E14000920,Sheffield South East,66.30%,No,0.00%,66.30%
E14000596,Brigg and Goole,66.20%,No,0.00%,66.20%
E14000989,Telford,66.20%,No,0.00%,66.20%
E14000819,Middlesbrough,64.50%,Yes,66.10%,66.10%
E14000986,Tamworth,66.00%,No,0.00%,66.00%
E14000677,Easington,66.00%,No,0.00%,66.00%
E14000758,Hyndburn,65.80%,No,0.00%,65.80%
E14000859,North West Norfolk,65.80%,No,0.00%,65.80%
E14000606,Broxbourne,65.50%,No,0.00%,65.50%
E14000715,Gravesham,65.40%,Yes,65.40%,65.40%
E14000927,Sittingbourne and Sheppey,65.40%,No,0.00%,65.40%
E14000533,Amber Valley,65.30%,No,0.00%,65.30%
E14000820,Middlesbrough South and East Cleveland,65.30%,No,0.00%,65.30%
E14000558,Bexleyheath and Crayford,65.30%,No,0.00%,65.30%
E14000945,South Staffordshire,65.50%,Yes,65.20%,65.20%
E14000852,North Thanet,65.20%,No,0.00%,65.20%
E14000805,Makerfield,64.90%,No,0.00%,64.90%
E14000972,Stoke-on-Trent Central,64.80%,No,0.00%,64.80%
E14000610,Burton,64.80%,No,0.00%,64.80%
E14000576,Bognor Regis and Littlehampton,64.80%,No,0.00%,64.80%
E14000966,Staffordshire Moorlands,64.70%,No,0.00%,64.70%
E14000868,Nuneaton,64.50%,No,0.00%,64.50%
E14000961,St Austell and Newquay,64.10%,No,0.00%,64.10%
E14000659,Dartford,64.00%,No,0.00%,64.00%
E14000626,Chatham and Aylesford,63.90%,No,0.00%,63.90%
E14000866,Nottingham North,63.30%,Yes,63.80%,63.80%
E14000883,Portsmouth North,65.20%,Yes,63.70%,63.70%
E14000898,Rochester and Strood,63.40%,Yes,63.70%,63.70%
E14000976,Stourbridge,64.70%,Yes,63.70%,63.70%
E14000683,East Yorkshire,63.70%,No,0.00%,63.70%
E14000924,Sherwood,63.70%,No,0.00%,63.70%
E14000711,Gillingham and Rainham,64.20%,Yes,63.60%,63.60%
E14000588,Bradford South,63.60%,Yes,63.60%,63.60%
E14001022,Waveney,63.40%,No,0.00%,63.40%
E14000785,Leigh,63.30%,No,0.00%,63.30%
E14001034,West Suffolk,63.20%,No,0.00%,63.20%
E14000695,Erewash,63.20%,No,0.00%,63.20%
E14000875,Pendle,63.20%,Yes,63.20%,63.20%
E14001058,Wyre Forest,63.10%,Yes,63.10%,63.10%
E14000579,Bolton South East,63.00%,No,0.00%,63.00%
E14001025,Wellingborough,63.00%,No,0.00%,63.00%
E14000670,Dover,63.00%,No,0.00%,63.00%
E14000561,"Birmingham, Erdington",58.50%,Yes,63.00%,63.00%
E14001039,Wigan,63.00%,No,0.00%,63.00%
E14001009,Wakefield,62.60%,Yes,62.80%,62.80%
E14000878,Peterborough,62.70%,No,0.00%,62.70%
E14000736,Havant,62.60%,No,0.00%,62.60%
E14000999,Torbay,62.50%,No,0.00%,62.50%
E14000754,Houghton and Sunderland South,64.50%,Yes,62.40%,62.40%
E14000869,Old Bexley and Sidcup,62.40%,No,0.00%,62.40%
E14000747,Heywood and Middleton,62.00%,Yes,62.40%,62.40%
N06000012,North Antrim,62.20%,Yes,62.20%,62.20%
E14000595,Bridgwater and West Somerset,62.10%,No,0.00%,62.10%
E14000944,South Shields,62.70%,Yes,62.10%,62.10%
E14000843,North East Derbyshire,62.10%,No,0.00%,62.10%
W07000072,Blaenau Gwent,62.00%,Yes,62.00%,62.00%
E14000707,Gainsborough,62.00%,No,0.00%,62.00%
E14000762,Isle of Wight,61.90%,Yes,61.90%,61.90%
E14001020,Washington and Sunderland West,64.50%,Yes,61.90%,61.90%
E14000713,Gosport,61.80%,No,0.00%,61.80%
E14000537,Ashton-under-Lyne,63.40%,Yes,61.80%,61.80%
E14000565,"Birmingham, Northfield",59.30%,Yes,61.80%,61.80%
W07000048,Swansea East,61.80%,No,0.00%,61.80%
E14000765,Jarrow,61.80%,No,0.00%,61.80%
E14000948,South Thanet,61.70%,No,0.00%,61.70%
E14000834,Newcastle-under-Lyme,61.60%,No,0.00%,61.60%
E14000704,Folkestone and Hythe,61.60%,No,0.00%,61.60%
E14001012,Walsall South,63.40%,Yes,61.60%,61.60%
E14001016,Warley,61.60%,No,0.00%,61.60%
E14000929,Sleaford and North Hykeham,61.60%,No,0.00%,61.60%
E14000590,Braintree,61.50%,No,0.00%,61.50%
E14000778,Leeds East,61.40%,No,0.00%,61.40%
E14000663,Derby South,61.40%,No,0.00%,61.40%
E14000913,Scarborough and Whitby,61.30%,No,0.00%,61.30%
E14000871,Oldham West and Royton,62.30%,Yes,61.30%,61.30%
E14000594,Brentwood and Ongar,61.20%,No,0.00%,61.20%
E14000693,Epping Forest,61.00%,No,0.00%,61.00%
E14001053,Workington,61.00%,No,0.00%,61.00%
E14000714,Grantham and Stamford,61.00%,No,0.00%,61.00%
E14000892,Redditch,61.00%,No,0.00%,61.00%
E14000769,Kettering,61.00%,Yes,61.00%,61.00%
E14000661,Denton and Reddish,61.40%,Yes,61.00%,61.00%
E14000806,Maldon,61.00%,No,0.00%,61.00%
E14000899,Rochford and Southend East,60.90%,No,0.00%,60.90%
E14000569,Bishop Auckland,60.90%,No,0.00%,60.90%
E14000583,Bosworth,60.80%,No,0.00%,60.80%
W07000053,Torfaen,60.80%,No,0.00%,60.80%
E14000858,North West Leicestershire,60.70%,Yes,60.70%,60.70%
E14000876,Penistone and Stocksbridge,60.70%,No,0.00%,60.70%
E14000620,Carlisle,60.60%,No,0.00%,60.60%
E14000816,Mid Norfolk,60.60%,No,0.00%,60.60%
E14000575,Blyth Valley,60.50%,No,0.00%,60.50%
E14001045,Witham,60.50%,No,0.00%,60.50%
W07000052,Rhondda,60.40%,No,0.00%,60.40%
E14000743,Hereford and South Herefordshire,60.40%,No,0.00%,60.40%
E14000935,South Derbyshire,60.40%,Yes,60.40%,60.40%
E14000840,North Durham,60.30%,No,0.00%,60.30%
E14000959,Spelthorne,60.30%,Yes,60.30%,60.30%
E14000955,"Southampton, Itchen",60.30%,No,0.00%,60.30%
E14000653,Crewe and Nantwich,60.30%,No,0.00%,60.30%
E14000861,Northampton North,60.30%,No,0.00%,60.30%
E14000837,North Cornwall,60.20%,No,0.00%,60.20%
E14000827,New Forest East,60.20%,No,0.00%,60.20%
E14000648,Corby,60.10%,No,0.00%,60.10%
W07000049,Aberavon,60.10%,No,0.00%,60.10%
E14000568,"Birmingham, Yardley",60.60%,Yes,60.10%,60.10%
E14000540,Barking,60.00%,No,0.00%,60.00%
E14000921,"Sheffield, Brightside and Hillsborough",60.00%,No,0.00%,60.00%
E14000638,Christchurch,60.00%,No,0.00%,60.00%
E14000982,Sunderland Central,55.40%,Yes,59.90%,59.90%
E14000870,Oldham East and Saddleworth,57.90%,Yes,59.90%,59.90%
W07000062,Clwyd South,59.90%,No,0.00%,59.90%
E14001060,Yeovil,59.90%,No,0.00%,59.90%
E14000536,Ashford,59.90%,No,0.00%,59.90%
E14000849,North Shropshire,59.80%,No,0.00%,59.80%
E14000826,Morley and Outwood,59.80%,No,0.00%,59.80%
E14001054,Worsley and Eccles South,62.20%,Yes,59.80%,59.80%
E14000772,Kingston upon Hull North,59.80%,No,0.00%,59.80%
E14000548,Batley and Spen,59.60%,No,0.00%,59.60%
E14000853,North Tyneside,59.50%,No,0.00%,59.50%
E14000936,South Dorset,59.40%,No,0.00%,59.40%
E14000915,Sedgefield,59.40%,No,0.00%,59.40%
E14000818,Mid Worcestershire,59.40%,No,0.00%,59.40%
W07000055,Newport East,59.30%,No,0.00%,59.30%
E14000992,The Wrekin,59.30%,No,0.00%,59.30%
E14000632,Chesterfield,59.30%,No,0.00%,59.30%
E14000967,Stalybridge and Hyde,58.50%,Yes,59.30%,59.30%
E14000647,Copeland,59.20%,No,0.00%,59.20%
E14000800,Luton North,59.20%,No,0.00%,59.20%
E14000734,Harwich and North Essex,59.00%,No,0.00%,59.00%
E14000862,Northampton South,59.00%,No,0.00%,59.00%
W07000077,Islwyn,58.90%,No,0.00%,58.90%
E14000902,Rossendale and Darwen,58.90%,No,0.00%,58.90%
W07000074,Ogmore,58.90%,No,0.00%,58.90%
E14000723,Halifax,60.70%,Yes,58.80%,58.80%
E14000712,Gloucester,58.80%,No,0.00%,58.80%
E14000812,Meriden,58.10%,Yes,58.80%,58.80%
E14000556,Beverley and Holderness,58.70%,No,0.00%,58.70%
E14000894,Ribble Valley,58.70%,No,0.00%,58.70%
E14000700,Faversham and Mid Kent,58.70%,No,0.00%,58.70%
E14000905,Rugby,58.60%,No,0.00%,58.60%
E14000660,Daventry,58.60%,No,0.00%,58.60%
E14000652,Crawley,58.40%,Yes,58.40%,58.40%
E14000616,Camborne and Redruth,58.40%,No,0.00%,58.40%
E14000848,North Norfolk,58.40%,No,0.00%,58.40%
E14000962,St Helens North,58.40%,No,0.00%,58.40%
E14000650,Coventry North West,58.40%,No,0.00%,58.40%
W07000071,Merthyr Tydfil and Rhymney,58.40%,No,0.00%,58.40%
E14000688,Ellesmere Port and Neston,58.30%,No,0.00%,58.30%
E14000737,Hayes and Harlington,58.20%,No,0.00%,58.20%
E14000825,Morecambe and Lunesdale,58.20%,No,0.00%,58.20%
E14000940,South Leicestershire,58.10%,No,0.00%,58.10%
E14000578,Bolton North East,58.10%,No,0.00%,58.10%
E14000658,Darlington,58.10%,No,0.00%,58.10%
E14000949,South West Bedfordshire,58.10%,No,0.00%,58.10%
E14001017,Warrington North,58.10%,No,0.00%,58.10%
W07000043,Alyn and Deeside,58.10%,No,0.00%,58.10%
E14000847,North Herefordshire,58.00%,No,0.00%,58.00%
E14000530,Aldershot,58.10%,Yes,57.90%,57.90%
E14000705,Forest of Dean,57.90%,No,0.00%,57.90%
E14000799,Ludlow,57.90%,No,0.00%,57.90%
E14000625,Charnwood,57.90%,No,0.00%,57.90%
E14000996,Tiverton and Honiton,57.80%,No,0.00%,57.80%
E14000649,Coventry North East,57.80%,No,0.00%,57.80%
E14000971,Stockton South,57.80%,No,0.00%,57.80%
E14000585,Bournemouth West,57.70%,No,0.00%,57.70%
E14000557,Bexhill and Battle,57.70%,No,0.00%,57.70%
E14000725,Halton,57.70%,No,0.00%,57.70%
E14000917,Selby and Ainsty,57.70%,No,0.00%,57.70%
W07000044,Wrexham,57.60%,No,0.00%,57.60%
E14000684,Eastbourne,57.50%,No,0.00%,57.50%
E14000872,Orpington,56.20%,Yes,57.50%,57.50%
E14000975,Stone,57.50%,No,0.00%,57.50%
E14000791,Lichfield,57.50%,No,0.00%,57.50%
E14000965,Stafford,57.50%,No,0.00%,57.50%
E14000897,Rochdale,57.90%,Yes,57.50%,57.50%
E14000792,Lincoln,57.40%,No,0.00%,57.40%
E14000881,Poole,57.40%,No,0.00%,57.40%
E14000851,North Swindon,57.30%,No,0.00%,57.30%
E14000543,Barrow and Furness,57.30%,No,0.00%,57.30%
E14001038,Weston-Super-Mare,57.20%,No,0.00%,57.20%
E14001000,Torridge and West Devon,57.20%,No,0.00%,57.20%
E14001007,Uxbridge and South Ruislip,57.20%,No,0.00%,57.20%
E14000923,"Sheffield, Heeley",57.20%,No,0.00%,57.20%
E14000666,Dewsbury,57.10%,No,0.00%,57.10%
E14000774,Kingswood,57.10%,No,0.00%,57.10%
E14000815,Mid Dorset and North Poole,57.10%,No,0.00%,57.10%
E14000838,North Devon,57.00%,Yes,57.00%,57.00%
E14000968,Stevenage,57.00%,No,0.00%,57.00%
E14000855,North West Cambridgeshire,56.90%,No,0.00%,56.90%
E14000954,South West Wiltshire,56.90%,No,0.00%,56.90%
E14000833,Newcastle upon Tyne North,56.80%,No,0.00%,56.80%
E14000689,Elmet and Rothwell,56.80%,No,0.00%,56.80%
E14000637,Chorley,56.70%,No,0.00%,56.70%
W07000070,Cynon Valley,56.70%,No,0.00%,56.70%
E14000706,Fylde,56.70%,No,0.00%,56.70%
E14000863,Norwich North,56.70%,No,0.00%,56.70%
W07000045,Llanelli,56.70%,No,0.00%,56.70%
E14000943,South Ribble,56.60%,No,0.00%,56.60%
E14000839,North Dorset,56.60%,No,0.00%,56.60%
W07000060,Vale of Clwyd,56.60%,No,0.00%,56.60%
E14000761,Ipswich,56.50%,No,0.00%,56.50%
E14000993,Thirsk and Malton,56.40%,No,0.00%,56.40%
E14000710,Gedling,56.30%,No,0.00%,56.30%
E14001014,Wansbeck,56.30%,No,0.00%,56.30%
E14000621,Carshalton and Wallington,56.30%,No,0.00%,56.30%
E14000709,Gateshead,56.20%,No,0.00%,56.20%
E14000574,Blaydon,56.10%,No,0.00%,56.10%
E14000963,St Helens South and Whiston,56.10%,No,0.00%,56.10%
E14001055,Worthing West,56.00%,No,0.00%,56.00%
E14000835,Newton Abbot,56.00%,No,0.00%,56.00%
E14000735,Hastings and Rye,55.90%,No,0.00%,55.90%
E14000701,Feltham and Heston,58.30%,Yes,55.90%,55.90%
E14000804,Maidstone and The Weald,55.90%,No,0.00%,55.90%
W07000063,Montgomeryshire,55.80%,No,0.00%,55.80%
E14000829,Newark,55.70%,No,0.00%,55.70%
E14000885,Preston,55.70%,No,0.00%,55.70%
E14000580,Bolton West,55.60%,No,0.00%,55.60%
N06000016,Strangford,55.50%,Yes,55.50%,55.50%
E14000699,Fareham,55.50%,No,0.00%,55.50%
E14000739,Hemel Hempstead,55.50%,No,0.00%,55.50%
E14000605,Bromsgrove,55.40%,Yes,55.40%,55.40%
W07000065,Preseli Pembrokeshire,55.30%,No,0.00%,55.30%
E14000554,Berwick-upon-Tweed,55.30%,No,0.00%,55.30%
E14000828,New Forest West,55.30%,No,0.00%,55.30%
E14000724,Haltemprice and Howden,55.20%,No,0.00%,55.20%
E14000981,Suffolk Coastal,55.20%,No,0.00%,55.20%
E14000877,Penrith and The Border,55.20%,No,0.00%,55.20%
N06000005,East Antrim,55.20%,Yes,55.20%,55.20%
W07000066,Carmarthen West and South Pembrokeshire,55.20%,No,0.00%,55.20%
E14000587,Bradford East,55.60%,Yes,55.20%,55.20%
W07000076,Caerphilly,55.10%,No,0.00%,55.10%
E14000938,South East Cornwall,55.10%,No,0.00%,55.10%
E14000950,South West Devon,55.10%,No,0.00%,55.10%
E14000957,Southend West,57.00%,Yes,55.10%,55.10%
E14000856,North West Durham,55.00%,No,0.00%,55.00%
E14001033,West Lancashire,55.00%,No,0.00%,55.00%
E14000624,Central Suffolk and North Ipswich,54.90%,No,0.00%,54.90%
E14000581,Bootle,54.80%,No,0.00%,54.80%
E14000964,St Ives,54.80%,No,0.00%,54.80%
E14000857,North West Hampshire,54.80%,No,0.00%,54.80%
E14000895,Richmond (Yorks),54.70%,No,0.00%,54.70%
E14000696,Erith and Thamesmead,54.60%,No,0.00%,54.60%
E14000801,Luton South,54.60%,No,0.00%,54.60%
E14000612,Bury South,54.50%,No,0.00%,54.50%
W07000042,Delyn,54.40%,No,0.00%,54.40%
E14000880,"Plymouth, Sutton and Devonport",51.40%,Yes,54.40%,54.40%
E14001051,Wolverhampton South West,54.40%,Yes,54.40%,54.40%
E14000685,Eastleigh,54.30%,No,0.00%,54.30%
E14000662,Derby North,54.30%,No,0.00%,54.30%
E14000681,East Surrey,54.20%,No,0.00%,54.20%
E14001057,Wyre and Preston North,54.20%,No,0.00%,54.20%
E14000603,Broadland,54.10%,No,0.00%,54.10%
E14000782,Leicester East,54.10%,No,0.00%,54.10%
E14000930,Slough,54.10%,No,0.00%,54.10%
E14000918,Sevenoaks,54.00%,No,0.00%,54.00%
E14000946,South Suffolk,54.00%,No,0.00%,54.00%
W07000069,Neath,54.00%,No,0.00%,54.00%
E14000613,Bury St Edmunds,54.00%,No,0.00%,54.00%
E14001001,Totnes,53.90%,No,0.00%,53.90%
E14000909,Rutland and Melton,53.90%,No,0.00%,53.90%
E14000570,Blackburn,55.90%,Yes,53.70%,53.70%
E14000584,Bournemouth East,53.70%,No,0.00%,53.70%
E14000682,East Worthing and Shoreham,53.70%,No,0.00%,53.70%
E14001052,Worcester,53.70%,Yes,53.70%,53.70%
E14000611,Bury North,53.70%,No,0.00%,53.70%
W07000056,Newport West,53.70%,No,0.00%,53.70%
E14000990,Tewkesbury,53.60%,No,0.00%,53.60%
E14001026,Wells,53.60%,No,0.00%,53.60%
E14000545,Basingstoke,53.60%,No,0.00%,53.60%
S14000007,Banff and Buchan,53.60%,No,0.00%,53.60%
E14000911,Salford and Eccles,52.80%,Yes,53.60%,53.60%
E14000665,Devizes,53.50%,No,0.00%,53.50%
E14000757,Huntingdon,53.50%,No,0.00%,53.50%
E14000841,North East Bedfordshire,53.40%,No,0.00%,53.40%
E14000931,Solihull,54.20%,Yes,53.30%,53.30%
E14000942,South Northamptonshire,53.30%,No,0.00%,53.30%
E14000766,Keighley,55.60%,Yes,53.30%,53.30%
E14000759,Ilford North,53.30%,No,0.00%,53.30%
E14000781,Leeds West,53.30%,No,0.00%,53.30%
E14000586,Bracknell,53.20%,No,0.00%,53.20%
W07000067,Carmarthen East and Dinefwr,53.20%,No,0.00%,53.20%
E14000928,Skipton and Ripon,53.20%,No,0.00%,53.20%
E14000614,Calder Valley,51.50%,Yes,53.20%,53.20%
N06000009,Lagan Valley,53.10%,Yes,53.10%,53.10%
E14000822,Milton Keynes South,53.10%,No,0.00%,53.10%
W07000059,Clwyd West,53.00%,No,0.00%,53.00%
E14000988,Taunton Deane,52.90%,Yes,52.90%,52.90%
E14000926,Shrewsbury and Atcham,52.90%,No,0.00%,52.90%
E14000813,Mid Bedfordshire,52.90%,No,0.00%,52.90%
E14000997,Tonbridge and Malling,52.90%,No,0.00%,52.90%
E14001027,Welwyn Hatfield,52.80%,No,0.00%,52.80%
E14001023,Wealden,52.80%,No,0.00%,52.80%
N06000017,Upper Bann,52.60%,Yes,52.60%,52.60%
E14000646,Congleton,52.60%,No,0.00%,52.60%
W07000078,Vale of Glamorgan,52.60%,No,0.00%,52.60%
E14001035,West Worcestershire,52.50%,No,0.00%,52.50%
E14000607,Broxtowe,52.50%,No,0.00%,52.50%
E14000814,Mid Derbyshire,52.50%,No,0.00%,52.50%
E14000728,Harborough,52.40%,No,0.00%,52.40%
E14000775,Knowsley,52.30%,No,0.00%,52.30%
E14000925,Shipley,49.70%,Yes,52.20%,52.20%
E14000738,Hazel Grove,51.70%,Yes,52.20%,52.20%
W07000058,Aberconwy,52.20%,No,0.00%,52.20%
E14000994,Thornbury and Yate,52.20%,No,0.00%,52.20%
E14000794,"Liverpool, Walton",52.20%,No,0.00%,52.20%
E14000686,Eddisbury,52.20%,No,0.00%,52.20%
E14000776,Lancaster and Fleetwood,52.00%,No,0.00%,52.00%
E14000552,Bedford,53.40%,Yes,51.90%,51.90%
N06000001,Belfast East,51.90%,Yes,51.90%,51.90%
E14000811,Meon Valley,51.90%,No,0.00%,51.90%
W07000068,Brecon and Radnorshire,51.90%,No,0.00%,51.90%
E14000983,Surrey Heath,51.90%,No,0.00%,51.90%
E14000756,Huddersfield,51.90%,No,0.00%,51.90%
E14000690,Eltham,52.40%,Yes,51.80%,51.80%
E14000538,Aylesbury,51.80%,No,0.00%,51.80%
E14000884,Portsmouth South,49.70%,Yes,51.80%,51.80%
E14000559,Birkenhead,52.70%,Yes,51.70%,51.70%
E14000985,Sutton Coldfield,48.40%,Yes,51.70%,51.70%
E14000947,South Swindon,51.70%,No,0.00%,51.70%
E14000846,North East Somerset,51.60%,No,0.00%,51.60%
E14000635,Chippenham,51.60%,No,0.00%,51.60%
E14000644,Colchester,51.50%,No,0.00%,51.50%
E14000890,Reading West,51.50%,No,0.00%,51.50%
E14000563,"Birmingham, Hodge Hill",50.80%,Yes,51.50%,51.50%
E14000845,North East Hertfordshire,51.40%,No,0.00%,51.40%
S14000009,"Caithness, Sutherland and Easter Ross",51.30%,No,0.00%,51.30%
E14000984,Sutton and Cheam,51.30%,No,0.00%,51.30%
E14000910,Saffron Walden,51.20%,No,0.00%,51.20%
E14000664,Derbyshire Dales,51.20%,No,0.00%,51.20%
E14000566,"Birmingham, Perry Barr",54.20%,Yes,51.20%,51.20%
E14001021,Watford,51.20%,No,0.00%,51.20%
E14001018,Warrington South,51.10%,No,0.00%,51.10%
E14001031,West Dorset,51.00%,No,0.00%,51.00%
E14000977,Stratford-on-Avon,51.00%,No,0.00%,51.00%
W07000041,Ynys Mon,50.90%,Yes,50.90%,50.90%
E14000623,Central Devon,50.90%,No,0.00%,50.90%
E14000941,South Norfolk,50.90%,No,0.00%,50.90%
E14000745,Hertsmere,50.80%,Yes,50.80%,50.80%
E14000784,Leicester West,50.80%,No,0.00%,50.80%
E14000633,Chichester,50.70%,No,0.00%,50.70%
E14000628,Chelmsford,50.70%,No,0.00%,50.70%
E14001024,Weaver Vale,50.60%,No,0.00%,50.60%
E14000748,High Peak,50.50%,Yes,50.50%,50.50%
E14000678,East Devon,50.40%,No,0.00%,50.40%
E14000651,Coventry South,50.40%,No,0.00%,50.40%
E14000539,Banbury,50.30%,No,0.00%,50.30%
E14000932,Somerton and Frome,50.30%,No,0.00%,50.30%
E14000654,Croydon Central,48.70%,Yes,50.30%,50.30%
E14000860,North Wiltshire,50.30%,No,0.00%,50.30%
W07000073,Bridgend,50.30%,No,0.00%,50.30%
E14000797,Loughborough,50.10%,No,0.00%,50.10%
E14000645,Colne Valley,50.10%,No,0.00%,50.10%
E14000571,Blackley and Broughton,50.00%,No,0.00%,50.00%
E14001010,Wallasey,52.50%,Yes,49.90%,49.90%
E14000912,Salisbury,49.90%,No,0.00%,49.90%
E14000634,Chingford and Woodford Green,49.90%,No,0.00%,49.90%
S14000046,Moray,49.90%,Yes,49.90%,49.90%
E14000907,Runnymede and Weybridge,49.80%,No,0.00%,49.80%
E14000604,Bromley and Chislehurst,49.70%,Yes,49.80%,49.80%
E14000796,"Liverpool, West Derby",49.80%,No,0.00%,49.80%
E14000534,Arundel and South Downs,49.70%,No,0.00%,49.70%
E14000821,Milton Keynes North,49.70%,No,0.00%,49.70%
E14001059,Wythenshawe and Sale East,49.60%,No,0.00%,49.60%
N06000002,Belfast North,49.60%,Yes,49.60%,49.60%
E14000906,"Ruislip, Northwood and Pinner",49.50%,No,0.00%,49.50%
E14000753,Horsham,49.50%,No,0.00%,49.50%
E14000956,"Southampton, Test",49.40%,No,0.00%,49.40%
W07000046,Gower,49.30%,No,0.00%,49.30%
E14000680,East Hampshire,49.30%,No,0.00%,49.30%
E14000744,Hertford and Stortford,49.20%,No,0.00%,49.20%
E14000691,Enfield North,47.90%,Yes,49.20%,49.20%
E14000550,Beaconsfield,49.00%,No,0.00%,49.00%
E14000979,Stretford and Urmston,48.90%,No,0.00%,48.90%
E14000608,Buckingham,48.90%,No,0.00%,48.90%
E14000702,Filton and Bradley Stoke,48.80%,No,0.00%,48.80%
E14000886,Pudsey,48.60%,No,0.00%,48.60%
E14001056,Wycombe,48.50%,No,0.00%,48.50%
S14000004,Angus,48.20%,No,0.00%,48.20%
W07000054,Monmouth,48.10%,No,0.00%,48.10%
E14000831,Newcastle upon Tyne Central,48.00%,No,0.00%,48.00%
E14000893,Reigate,48.00%,No,0.00%,48.00%
N06000006,East Londonderry,48.00%,Yes,48.00%,48.00%
E14001032,West Ham,48.00%,No,0.00%,48.00%
E14000708,Garston and Halewood,48.00%,No,0.00%,48.00%
E14000991,The Cotswolds,47.90%,No,0.00%,47.90%
E14000830,Newbury,47.80%,No,0.00%,47.80%
E14000694,Epsom and Ewell,47.80%,No,0.00%,47.80%
N06000013,North Down,47.60%,Yes,47.60%,47.60%
E14001006,Tynemouth,47.60%,No,0.00%,47.60%
S14000036,Glenrothes,47.60%,No,0.00%,47.60%
E14000850,North Somerset,47.60%,No,0.00%,47.60%
E14000731,Harrow East,49.70%,Yes,47.50%,47.50%
W07000061,Dwyfor Meirionnydd,47.40%,No,0.00%,47.40%
E14000824,Mole Valley,47.30%,No,0.00%,47.30%
E14000560,"Birmingham, Edgbaston",43.80%,Yes,47.30%,47.30%
E14000802,Macclesfield,47.20%,No,0.00%,47.20%
E14000730,Harrogate and Knaresborough,47.20%,No,0.00%,47.20%
E14000786,Lewes,47.10%,No,0.00%,47.10%
E14000601,Bristol South,47.30%,Yes,47.10%,47.10%
E14001037,Westmorland and Lonsdale,47.10%,No,0.00%,47.10%
E14000567,"Birmingham, Selly Oak",45.70%,Yes,46.90%,46.90%
E14000599,Bristol East,48.70%,Yes,46.80%,46.80%
E14000969,Stockport,47.90%,Yes,46.80%,46.80%
E14000589,Bradford West,46.40%,Yes,46.70%,46.70%
E14001042,Windsor,46.70%,No,0.00%,46.70%
E14000551,Beckenham,46.60%,No,0.00%,46.60%
E14001043,Wirral South,45.50%,Yes,46.50%,46.50%
W07000075,Pontypridd,46.50%,No,0.00%,46.50%
E14000867,Nottingham South,45.60%,Yes,46.50%,46.50%
E14001015,Wantage,46.50%,No,0.00%,46.50%
E14000817,Mid Sussex,46.40%,No,0.00%,46.40%
E14001046,Witney,46.30%,Yes,46.30%,46.30%
E14000958,Southport,46.30%,No,0.00%,46.30%
E14000679,East Ham,46.30%,No,0.00%,46.30%
E14000675,Ealing North,48.60%,Yes,46.30%,46.30%
E14000767,Kenilworth and Southam,46.20%,No,0.00%,46.20%
E14000951,South West Hertfordshire,46.20%,No,0.00%,46.20%
E14000844,North East Hampshire,46.20%,No,0.00%,46.20%
E14000901,Romsey and Southampton North,46.10%,No,0.00%,46.10%
E14000777,Leeds Central,46.00%,No,0.00%,46.00%
E14000980,Stroud,45.90%,No,0.00%,45.90%
E14001003,Truro and Falmouth,45.90%,No,0.00%,45.90%
E14000656,Croydon South,45.30%,Yes,45.80%,45.80%
E14000987,Tatton,45.60%,No,0.00%,45.60%
E14000687,Edmonton,47.40%,Yes,45.50%,45.50%
W07000064,Ceredigion,45.40%,Yes,45.40%,45.40%
E14000746,Hexham,45.30%,No,0.00%,45.30%
E14000619,Canterbury,45.30%,No,0.00%,45.30%
E14000937,South East Cambridgeshire,45.30%,No,0.00%,45.30%
S14000013,Dumfries and Galloway,45.10%,No,0.00%,45.10%
E14000732,Harrow West,41.90%,Yes,45.10%,45.10%
E14000803,Maidenhead,45.00%,No,0.00%,45.00%
E14000631,Chesham and Amersham,45.00%,Yes,45.00%,45.00%
E14000698,Exeter,44.80%,No,0.00%,44.80%
S14000027,Na h-Eileanan an Iar,44.80%,Yes,44.80%,44.80%
E14001044,Wirral West,42.60%,Yes,44.70%,44.70%
E14000823,Mitcham and Morden,49.00%,Yes,44.70%,44.70%
E14001062,York Outer,44.70%,No,0.00%,44.70%
E14001004,Tunbridge Wells,44.60%,No,0.00%,44.60%
S14000014,"Dumfriesshire, Clydesdale and Tweeddale",44.60%,No,0.00%,44.60%
S14000037,Gordon,44.30%,No,0.00%,44.30%
E14001047,Woking,44.30%,No,0.00%,44.30%
S14000006,"Ayr, Carrick and Cumnock",44.10%,No,0.00%,44.10%
E14000916,Sefton Central,44.10%,No,0.00%,44.10%
S14000030,Glasgow East,46.50%,Yes,43.80%,43.80%
W07000079,Cardiff West,43.80%,No,0.00%,43.80%
E14000597,"Brighton, Kemptown",43.60%,No,0.00%,43.60%
S14000055,"Ross, Skye and Lochaber",43.50%,No,0.00%,43.50%
W07000047,Swansea West,43.40%,No,0.00%,43.40%
E14000641,City of Durham,43.30%,No,0.00%,43.30%
E14000760,Ilford South,43.30%,No,0.00%,43.30%
E14000593,Brentford and Isleworth,40.40%,Yes,43.30%,43.30%
S14000041,Kirkcaldy and Cowdenbeath,43.30%,No,0.00%,43.30%
S14000044,Livingston,43.30%,No,0.00%,43.30%
S14000008,"Berwickshire, Roxburgh and Selkirk",43.30%,No,0.00%,43.30%
S14000001,Aberdeen North,43.10%,No,0.00%,43.10%
E14000742,Henley,43.10%,No,0.00%,43.10%
E14000630,Cheltenham,42.90%,No,0.00%,42.90%
E14000591,Brent Central,42.90%,No,0.00%,42.90%
E14000865,Nottingham East,42.60%,Yes,42.90%,42.90%
W07000080,Cardiff South and Penarth,42.80%,No,0.00%,42.80%
E14001048,Wokingham,42.70%,No,0.00%,42.70%
E14000627,Cheadle,42.10%,Yes,42.70%,42.70%
E14000592,Brent North,42.60%,No,0.00%,42.60%
E14000783,Leicester South,42.40%,No,0.00%,42.40%
S14000048,North Ayrshire and Arran,42.40%,No,0.00%,42.40%
E14000640,City of Chester,42.30%,No,0.00%,42.30%
S14000028,Falkirk,42.10%,No,0.00%,42.10%
S14000043,Linlithgow and East Falkirk,42.00%,No,0.00%,42.00%
E14000676,"Ealing, Southall",43.20%,Yes,41.80%,41.80%
E14001019,Warwick and Leamington,41.60%,No,0.00%,41.60%
S14000010,Central Ayrshire,41.60%,No,0.00%,41.60%
E14000600,Bristol North West,41.30%,Yes,41.60%,41.60%
E14000741,Hendon,41.60%,No,0.00%,41.60%
E14000697,Esher and Walton,41.60%,No,0.00%,41.60%
E14000908,Rushcliffe,41.50%,No,0.00%,41.50%
N06000007,Fermanagh and South Tyrone,41.40%,Yes,41.40%,41.40%
E14000719,Guildford,41.20%,No,0.00%,41.20%
N06000014,South Antrim,41.20%,Yes,41.20%,41.20%
E14000655,Croydon North,43.30%,Yes,41.20%,41.20%
E14000636,Chipping Barnet,41.10%,No,0.00%,41.10%
E14000832,Newcastle upon Tyne East,41.10%,No,0.00%,41.10%
S14000035,Glasgow South West,40.60%,Yes,40.90%,40.90%
E14000770,Kingston and Surbiton,40.80%,No,0.00%,40.80%
E14000953,South West Surrey,40.70%,No,0.00%,40.70%
S14000016,Dundee West,40.70%,No,0.00%,40.70%
S14000032,Glasgow North East,39.70%,Yes,40.70%,40.70%
E14000864,Norwich South,40.50%,No,0.00%,40.50%
S14000051,Orkney and Shetland,40.30%,No,0.00%,40.30%
S14000039,"Inverness, Nairn, Badenoch and Strathspey",40.10%,No,0.00%,40.10%
S14000054,Perth and North Perthshire,39.90%,No,0.00%,39.90%
S14000003,Airdrie and Shotts,39.80%,No,0.00%,39.80%
E14000749,Hitchin and Harpenden,39.30%,Yes,39.80%,39.80%
E14001041,Winchester,39.60%,No,0.00%,39.60%
N06000010,Mid Ulster,39.60%,Yes,39.60%,39.60%
S14000050,Ochil and South Perthshire,39.50%,No,0.00%,39.50%
S14000040,Kilmarnock and Loudoun,39.50%,No,0.00%,39.50%
S14000005,Argyll and Bute,39.40%,Yes,39.40%,39.40%
S14000017,Dunfermline and West Fife,39.40%,No,0.00%,39.40%
S14000058,West Aberdeenshire and Kincardine,39.20%,No,0.00%,39.20%
W07000051,Cardiff North,39.10%,No,0.00%,39.10%
E14001061,York Central,38.80%,No,0.00%,38.80%
S14000011,"Coatbridge, Chryston and Bellshill",38.80%,No,0.00%,38.80%
E14000532,Altrincham and Sale West,38.60%,No,0.00%,38.60%
E14000934,South Cambridgeshire,38.50%,No,0.00%,38.50%
S14000015,Dundee East,38.40%,No,0.00%,38.40%
E14000889,Reading East,38.30%,No,0.00%,38.30%
E14000808,"Manchester, Gorton",38.20%,No,0.00%,38.20%
E14000874,Oxford West and Abingdon,38.00%,No,0.00%,38.00%
S14000059,West Dunbartonshire,38.00%,Yes,38.00%,38.00%
S14000045,Midlothian,37.90%,Yes,37.90%,37.90%
E14000692,"Enfield, Southgate",37.60%,Yes,37.90%,37.90%
E14000960,St Albans,37.80%,No,0.00%,37.80%
S14000047,Motherwell and Wishaw,37.70%,No,0.00%,37.70%
S14000056,Rutherglen and Hamilton West,37.60%,No,0.00%,37.60%
E14000779,Leeds North East,37.40%,No,0.00%,37.40%
N06000011,Newry and Armagh,37.10%,Yes,37.10%,37.10%
S14000012,"Cumbernauld, Kilsyth and Kirkintilloch East",37.00%,No,0.00%,37.00%
S14000019,"East Kilbride, Strathaven and Lesmahagow",36.90%,No,0.00%,36.90%
E14000807,Manchester Central,36.40%,No,0.00%,36.40%
S14000049,North East Fife,36.30%,No,0.00%,36.30%
S14000038,Inverclyde,36.20%,Yes,36.20%,36.20%
S14000042,Lanark and Hamilton East,36.00%,No,0.00%,36.00%
W07000057,Arfon,35.80%,No,0.00%,35.80%
E14000718,Greenwich and Woolwich,34.70%,Yes,35.70%,35.70%
E14000564,"Birmingham, Ladywood",39.80%,Yes,35.60%,35.60%
S14000052,Paisley and Renfrewshire North,35.50%,No,0.00%,35.50%
E14000780,Leeds North West,35.40%,No,0.00%,35.40%
S14000020,East Lothian,35.40%,Yes,35.40%,35.40%
E14000787,Lewisham East,35.40%,No,0.00%,35.40%
E14000795,"Liverpool, Wavertree",35.30%,No,0.00%,35.30%
S14000053,Paisley and Renfrewshire South,34.80%,No,0.00%,34.80%
E14000790,Leyton and Wanstead,34.80%,No,0.00%,34.80%
E14000788,Lewisham West and Penge,34.60%,No,0.00%,34.60%
E14000882,Poplar and Limehouse,34.20%,No,0.00%,34.20%
E14000922,"Sheffield, Hallam",34.00%,No,0.00%,34.00%
E14001036,Westminster North,33.70%,No,0.00%,33.70%
E14000562,"Birmingham, Hall Green",42.20%,Yes,33.60%,33.60%
E14001013,Walthamstow,36.00%,Yes,33.50%,33.50%
E14001005,Twickenham,33.30%,No,0.00%,33.30%
N06000018,West Tyrone,33.20%,Yes,33.20%,33.20%
E14000755,Hove,32.90%,No,0.00%,32.90%
N06000015,South Down,32.80%,Yes,32.80%,32.80%
E14000873,Oxford East,32.50%,No,0.00%,32.50%
S14000057,Stirling,32.30%,Yes,32.30%,32.30%
S14000002,Aberdeen South,32.10%,No,0.00%,32.10%
W07000050,Cardiff Central,32.00%,No,0.00%,32.00%
E14000919,Sheffield Central,31.90%,No,0.00%,31.90%
E14000547,Bath,31.70%,No,0.00%,31.70%
S14000033,Glasgow North West,30.00%,Yes,31.50%,31.50%
E14000615,Camberwell and Peckham,31.50%,No,0.00%,31.50%
E14000726,Hammersmith,31.30%,No,0.00%,31.30%
E14000768,Kensington,31.20%,No,0.00%,31.20%
E14000703,Finchley and Golders Green,31.10%,No,0.00%,31.10%
E14000555,Bethnal Green and Bow,30.90%,No,0.00%,30.90%
N06000003,Belfast South,30.50%,Yes,30.50%,30.50%
E14001040,Wimbledon,27.30%,Yes,29.40%,29.40%
E14000674,Ealing Central and Acton,29.10%,Yes,29.20%,29.20%
E14000629,Chelsea and Fulham,29.10%,No,0.00%,29.10%
S14000026,Edinburgh West,31.40%,Yes,28.80%,28.80%
S14000029,Glasgow Central,26.40%,Yes,28.80%,28.80%
E14000896,Richmond Park,28.70%,No,0.00%,28.70%
E14000764,Islington South and Finsbury,26.20%,Yes,28.30%,28.30%
S14000034,Glasgow South,26.80%,Yes,28.20%,28.20%
E14000639,Cities of London and Westminster,28.10%,No,0.00%,28.10%
S14000025,Edinburgh South West,26.40%,Yes,27.90%,27.90%
E14000887,Putney,27.80%,No,0.00%,27.80%
S14000022,Edinburgh East,30.30%,Yes,27.60%,27.60%
E14000793,"Liverpool, Riverside",27.30%,No,0.00%,27.30%
S14000018,East Dunbartonshire,26.90%,No,0.00%,26.90%
E14000750,Holborn and St Pancras,27.60%,Yes,26.70%,26.70%
E14000617,Cambridge,26.30%,Yes,26.20%,26.20%
E14000553,Bermondsey and Old Southwark,26.10%,No,0.00%,26.10%
N06000004,Belfast West,25.90%,Yes,25.90%,25.90%
E14000598,"Brighton, Pavilion",25.90%,No,0.00%,25.90%
S14000021,East Renfrewshire,25.70%,Yes,25.70%,25.70%
E14000998,Tooting,25.60%,No,0.00%,25.60%
E14000752,Hornsey and Wood Green,18.20%,Yes,25.00%,25.00%
E14000809,"Manchester, Withington",24.90%,No,0.00%,24.90%
E14000789,"Lewisham, Deptford",24.40%,No,0.00%,24.40%
E14001002,Tottenham,33.30%,Yes,23.80%,23.80%
E14000727,Hampstead and Kilburn,23.70%,No,0.00%,23.70%
E14000673,Dulwich and West Norwood,22.90%,No,0.00%,22.90%
E14000721,Hackney South and Shoreditch,22.80%,No,0.00%,22.80%
E14001008,Vauxhall,18.50%,Yes,22.40%,22.40%
S14000024,Edinburgh South,24.80%,Yes,22.20%,22.20%
E14000549,Battersea,22.00%,No,0.00%,22.00%
S14000023,Edinburgh North and Leith,17.00%,Yes,21.80%,21.80%
N06000008,Foyle,21.70%,Yes,21.70%,21.70%
S14000031,Glasgow North,25.90%,Yes,21.60%,21.60%
E14000763,Islington North,23.40%,Yes,21.60%,21.60%
E14000602,Bristol West,19.10%,Yes,20.70%,20.70%
E14000978,Streatham,22.20%,Yes,20.50%,20.50%
E14000720,Hackney North and Stoke Newington,20.50%,No,0.00%,20.50%
